{
  "w_hs": 1.171875,
  "w_pot_odds": 1.171875,
  "w_position": 0.25,
  "w_fold_equity": 0.14687499999999998,
  "w_pot_commit": 0.25,
  "bias_fold": -0.3515625,
  "bias_call": 0.0,
  "bias_raise": -0.2
}