{
  "batches": 32585,
  "elapsed_sec": 68405.01833152771,
  "infosets": 6336,
  "merge_interval": 300,
  "previous_batches": 23653,
  "previous_elapsed_sec": 50403.153047800064,
  "previous_traversals": 141918000,
  "regret_update": "cfr",
  "run_batches": 8932,
  "run_elapsed_sec": 18001.865283727646,
  "run_id": "20260504-122353",
  "run_traversals": 53592000,
  "seed": 683,
  "small_blind": 10,
  "stack": 1000,
  "total_batches": 32585,
  "total_elapsed_sec": 68405.01833152771,
  "total_traversals": 195510000,
  "trainer_rules": "compact_pypokerengine_v2",
  "traversals": 195510000,
  "utility_sum_last_batch": 229.2784056811925,
  "workers": 10
}