{
  "batches": 23667,
  "elapsed_sec": 50430.221423864365,
  "infosets": 6336,
  "merge_interval": 300,
  "previous_batches": 23653,
  "previous_elapsed_sec": 50403.153047800064,
  "previous_traversals": 141918000,
  "regret_update": "cfr",
  "run_batches": 14,
  "run_elapsed_sec": 27.068376064300537,
  "run_id": "20260504-234710",
  "run_traversals": 84000,
  "seed": 683,
  "small_blind": 10,
  "stack": 1000,
  "total_batches": 23667,
  "total_elapsed_sec": 50430.221423864365,
  "total_traversals": 142002000,
  "trainer_rules": "compact_pypokerengine_v2",
  "traversals": 142002000,
  "utility_sum_last_batch": -564.4597263444272,
  "workers": 10
}