{
  "batches": 6971,
  "elapsed_sec": 21627.895606040955,
  "infosets": 3104,
  "merge_interval": 300,
  "previous_batches": 319,
  "previous_elapsed_sec": 7227.739278078079,
  "previous_traversals": 1914000,
  "run_batches": 6652,
  "run_elapsed_sec": 14400.156327962875,
  "run_id": "20260502-173235",
  "run_traversals": 39912000,
  "seed": 683,
  "small_blind": 10,
  "stack": 1000,
  "total_batches": 6971,
  "total_elapsed_sec": 21627.895606040955,
  "total_traversals": 41826000,
  "trainer_rules": "compact_pypokerengine_v2",
  "traversals": 41826000,
  "utility_sum_last_batch": -680.8240157393453,
  "workers": 10
}