{
  "batches": 23653,
  "elapsed_sec": 50403.153047800064,
  "infosets": 6336,
  "merge_interval": 300,
  "previous_batches": 20038,
  "previous_elapsed_sec": 43201.386457920074,
  "previous_traversals": 120228000,
  "regret_update": "cfr",
  "run_batches": 3615,
  "run_elapsed_sec": 7201.76658987999,
  "run_id": "20260504-101909",
  "run_traversals": 21690000,
  "seed": 683,
  "small_blind": 10,
  "stack": 1000,
  "total_batches": 23653,
  "total_elapsed_sec": 50403.153047800064,
  "total_traversals": 141918000,
  "trainer_rules": "compact_pypokerengine_v2",
  "traversals": 141918000,
  "utility_sum_last_batch": 1092.22282980332,
  "workers": 10
}